id	first_name	last_name	email	gender
1	Mort	Ozintsev	mozintsev0@spotify.com	Male
2	Julienne	Keningley	jkeningley1@wikimedia.org	Female
3	Gwendolen	Fosserd	gfosserd2@flavors.me	Female
4	Suzette	Bezant	sbezant3@adobe.com	Female
5	Had	Screas	hscreas4@sogou.com	Male
6	Fredericka	Pordall	fpordall5@tuttocitta.it	Female
7	Leicester	Cowdry	lcowdry6@ehow.com	Male
8	Lucho	Lethardy	llethardy7@mit.edu	Male
9	Ferguson	Sleight	fsleight8@aboutads.info	Male
10	Thorn	Benech	tbenech9@shareasale.com	Male
11	Denver	Shackleford	dshackleforda@devhub.com	Male
12	Garrick	Muge	gmugeb@cyberchimps.com	Male
13	Hoebart	Doby	hdobyc@unc.edu	Male
14	Darrin	Hasling	dhaslingd@joomla.org	Male
15	Templeton	Emmison	temmisone@netscape.com	Male
16	Shelton	Gogerty	sgogertyf@hexun.com	Male
17	Xavier	Valintine	xvalintineg@smh.com.au	Male
18	Bridgette	Bateson	bbatesonh@hibu.com	Female
19	Town	Rossbrook	trossbrooki@intel.com	Male
20	Charlot	MacLaren	cmaclarenj@github.io	Female
21	Andeee	Mansford	amansfordk@gizmodo.com	Female
22	Trstram	Maddra	tmaddral@toplist.cz	Male
23	Anissa	Easbie	aeasbiem@ameblo.jp	Female
24	Lucinda	Doctor	ldoctorn@toplist.cz	Female
25	Abran	Geake	ageakeo@posterous.com	Male
26	Brucie	Breukelman	bbreukelmanp@xinhuanet.com	Male
27	Norris	Ralphs	nralphsq@edublogs.org	Male
28	Claudie	Stadden	cstaddenr@t.co	Female
29	Arley	Harrema	aharremas@ft.com	Male
30	Rufe	Plett	rplettt@tinyurl.com	Male
31	Ezra	Cunnington	ecunningtonu@cornell.edu	Male
32	Anthia	Owttrim	aowttrimv@stanford.edu	Female
33	Benny	Moreing	bmoreingw@networkadvertising.org	Male
34	Opaline	Farra	ofarrax@irs.gov	Female
35	William	Wathen	wwatheny@cdc.gov	Male
36	Florance	Ferreras	fferrerasz@gnu.org	Female
37	Frederigo	Barnhill	fbarnhill10@latimes.com	Male
38	Clevie	Worsley	cworsley11@angelfire.com	Male
39	Stephenie	Defraine	sdefraine12@guardian.co.uk	Female
40	Raymond	Errichi	rerrichi13@jalbum.net	Male
41	Jennette	Fulun	jfulun14@sciencedirect.com	Female
42	Roland	Castaignet	rcastaignet15@mysql.com	Male
43	Kathy	Loachhead	kloachhead16@tuttocitta.it	Female
44	Robers	Coat	rcoat17@oakley.com	Male
45	Janela	Peres	jperes18@scientificamerican.com	Female
46	Athena	Snufflebottom	asnufflebottom19@bbc.co.uk	Female
47	Zorana	Janus	zjanus1a@theglobeandmail.com	Female
48	Gavra	Dykas	gdykas1b@bigcartel.com	Female
49	Editha	Boord	eboord1c@indiatimes.com	Female
50	Felipe	Powner	fpowner1d@list-manage.com	Male
